{"cameraMode":{"drawMode":0,"name":"Shaded","section":"Shading Mode"},"sceneLighting":true,"audioPlay":false,"sceneViewState":{"m_AlwaysRefresh":false,"showFog":true,"showSkybox":true,"showFlares":true,"showImageEffects":true,"showParticleSystems":true,"showVisualEffectGraphs":true,"m_FxEnabled":true},"in2DMode":false,"pivot":{"x":-106.27381896972656,"y":-30.412839889526368,"z":17.379352569580079},"rotation":{"x":0.22759567201137544,"y":0.13628943264484406,"z":-0.032286643981933597,"w":0.9638528823852539},"size":107.23355102539063,"orthographic":false}