{"cameraMode":{"drawMode":0,"name":"Shaded","section":"Shading Mode"},"sceneLighting":false,"audioPlay":false,"sceneViewState":{"m_AlwaysRefresh":false,"showFog":true,"showSkybox":false,"showFlares":true,"showImageEffects":true,"showParticleSystems":true,"showVisualEffectGraphs":true,"m_FxEnabled":true},"in2DMode":false,"pivot":{"x":-16.17729377746582,"y":4.936554431915283,"z":11.527706146240235},"rotation":{"x":0.07433336973190308,"y":0.015925802290439607,"z":-0.0011929866159334779,"w":0.997288167476654},"size":10.823770523071289,"orthographic":false}